fold,model,validation,r2,mae,rmse
1,dummy,k_fold,-0.00035871466291337306,0.92306066354872029,1.1698482117159865
1,ridge,k_fold,0.59327409870634162,0.54887107771811472,0.74593768893903878
1,random_forest,k_fold,0.76888543140767496,0.37611378288712166,0.56229639206508697
2,dummy,k_fold,-0.00056610626558062371,0.91319417709982353,1.1540201624912789
2,ridge,k_fold,0.61692804442950255,0.52503820136303603,0.71405338521511763
2,random_forest,k_fold,0.79753293130706626,0.35378662425145374,0.51911992768071558
3,dummy,k_fold,-0.0005993345685884055,0.90251541065154395,1.1347460076615632
3,ridge,k_fold,0.58709756716074923,0.52023147527296576,0.72894083423427791
3,random_forest,k_fold,0.78035100139056102,0.35655221339430698,0.53165900285675582
4,dummy,k_fold,-0.0010597962813525541,0.92256953782907714,1.1683165580275754
4,ridge,k_fold,0.59827610721675095,0.53498517659221378,0.74010672940357647
4,random_forest,k_fold,0.78131494145336577,0.36664103643212631,0.54605963877799379
5,dummy,k_fold,-1.8722307412843975e-05,0.89759853465626116,1.1428414797036508
5,ridge,k_fold,0.61642904359129491,0.52967839176886811,0.70779059428258428
5,random_forest,k_fold,0.80024758648827865,0.35218004366474476,0.51077301778213657
